Problem Size,sum_direct,sum_indirect,sum_vector
8388608,0,4.576536313,13.65333333
16777216,0,1.874063483,14.18528139
33554432,0,1.494038527,14.6122631
67108864,0,1.370436783,15.10046083
134217728,0,1.427391405,15.71606715
268435456,0,0.516544991,15.84430341
